Josanghyeog,조상혁,"",facebook.com/liebekorea
Geunewaggoc,그네와꽃,@swingnflower,facebook.com/https://www.swingnflower
Keuraenpildeu,크랜필드,@bandcranfield,facebook.com/bandcranfield
AsianChairshot,아시안체어샷,@AsianChairshot,facebook.com/bandchairshot
RoseMotel,장미여관,@RoseMotel,facebook.com/rosemotel
DICKPUNKS,딕펑스,@Band_DICKPUNKS,""
Rock&RollRadio,로큰롤라디오,@rnrrpage,facebook.com/rnrrpage
24Hours,24Hours,@Band_24hours,facebook.com/b24Hrs 
Activity,엑티비티,"",facebook.com/BandActivity
Swingz,스윙즈,@bandswingz,facebook.com/swingzdrum
SpacePaPa,스페이스파파,@bandspacepapa,facebook.com/spacepapa
FourBrothers,포브라더스,@band4brothers,facebook.com/Band4brothers
TheVeggers,더베거스,@theveggers,""
MintGray,민트그레이,@bandmintgray,facebook.com/mintgray
WastedJohnny's,웨이스티드쟈니스,"",facebook.com/WastedJohnnys
Wedance,위댄스,"",""
TheRoosters,더루스터스,@wowrooster,facebook.com/TheRoostersDeoLuseuteoseu
BurningMonkeys,버닝몽키즈,@burning_monkeys,facebook.com/burningmonkeys
Broccoliyoutoo,브로콜리너마저,@broods,facebook.com/broods
LoveXStereo,러브엑스테레오,@lovexstereo,facebook.com/lovexstereo
10cm,10cm,@10centimeter,""
ShinHyeonHuiandKimRoot,신현희와김루트,@seenroot,facebook.com/seenroot
Phonebooth,폰부스,@bandphonebooth,facebook.com/phonebooththeband
RomanticPunch,로맨틱펀치,@Romantic_Punch,""
T-sound,티사운드,@bandtsound,facebook.com/bandtsound
GalaxyExpress,갤럭시익스프레스,@GalaxyExpressKR,facebook.com/GalaxyExpressKR
9th,아홉번째,@bandnumber9,facebook.com/numberninekorea
Hlin,홀린,@BandHLIN,facebook.com/pages/HLin%ED%99%80%EB%A6%B0/226112907443093
BandECE,밴드이씨이,"",facebook.com/emergencycallequipment
William'sTown,윌리암스타운,@William_s_town,facebook.com/willitown
Gogoboiseu,고고보이스,"",""
Achtung,악퉁,"",facebook.com/pages/%EC%95%85%ED%89%81-Achtung/127533683923689
GutenBirds,구텐버즈,@910birds,facebook.com/gutenbirds
Harrybigbutton,해리빅버튼,@harrybigbutton,facebook.com/harrybigbutton
YamagataTweakster,야마가타트윅스터,"",""
Design,디자인,@bandmandesign,facebook.com/bandds
YOZOH,요조,"",""
Chanhuissi,그냥찬휘씨,"",facebook.com/unclechanhwi 
Reflex,리플렉스,@bandreflex,facebook.com/bandreflex
Sountruck,Sountruck,@SounTruck,facebook.com/SounTruck
GreenFlameBoys,초록불꽃소년단,@GreenFlameBoys,facebook.com/GreenFlameBoys
WhoWho,밴드후후,@whowho330,facebook.com/whowho330
Toxic,톡식,@bandtoxic,""
MissingLucille,미씽루씰,@missinglucille2,facebook.com/missinglucille
11:11,11시11분,@Band1111,facebook.com/band1111
No.1KOREAN,넘버원코리안,@Number1Korean,""
Beatniks,비트닉스,@Beatniks4,facebook.com/beatniks4
Nogal,노갈,"",facebook.com/nogal100live
JRabbit,제이레빗,"",""
Seoulbeulrujeu,서울블루즈,"",facebook.com/https://www.seoulbluez
Elekstic,일렉스틱,"",""
Swindlers,스윈들러즈,"",facebook.com/steelfacerecords
BurningHepburn,버닝헵번,"",""
SquaretheCircle,스퀘어더써클,@SQRTC,facebook.com/SQRTC
Malhagideudgi,말하기듣기,@tellnlisten,facebook.com/tellandlisten
Vidulgiooyoo,비둘기우유,@vidulgi_ooyoo,facebook.com/VidulgiOoyoO
Electriceels,전기뱀장어,@theelectriceels,""
Look&Listen,Look&Listen,@look_and_listen,facebook.com/https://www.wearelookandlisten
Hoegidongdanpyeonseon,회기동단편선,@danpyunsun,""
KwangProgram,쾅프로그램,@kuang_program,facebook.com/https://www.kuangprogram
AnnyeongBada,안녕바다,@_Annyeongbada,facebook.com/ByeByeSea.page 
Icycider,아이씨사이다,@bandicycider,facebook.com/ICYCIDER
Thornapple,쏜애플,@Thornapple_,facebook.com/Thornapple1224
JangnangamGagae,장난감가게,@bandtoyshop,facebook.com/bandtoyshop
Javoisland,자보아일랜드,@bandJavoIsland,facebook.com/bandjavoisland
LesSales,레세일즈,"",facebook.com/LesSales
KimMokin,김목인,"",facebook.com/https://www.kimmokin
BrokenValentine,브로큰발렌타인,@bvlabel,facebook.com/brokenvalentine
FantasticDrugstore,판타스틱드럭스토어,@fantasticdrugst,facebook.com/fantasticdrugstore
KangASol,강아솔,"",facebook.com/asorry87
Baeghwananmanjo,백화난만조,"",facebook.com/oxhxbxc
GateFlowers,게이트플라워즈,@GateFlowers,facebook.com/bandgf
Goonamguayeoridingstella,구남과여라이딩스텔라,@goonamgua,facebook.com/goonamgua
BadRomance,배드로맨스,@BadRomance_0,facebook.com/Badromance4
Ynot?,와이낫?,"",""
YellowMonsters,옐로우몬스터즈,"",""
GoGoStar,고고스타,@TheGOGOSTAR,facebook.com/gogostarkorea
MagnaFall,MagnaFall,@MagnaFall,facebook.com/magnafall
Hyangni,향니,@hyangni,""
Heonjinha,하헌진,"",""
Rudyguns,루디건즈,@thevaliantC,facebook.com/letsRGS
AXIZ,엑시즈,@bandaxiz,facebook.com/bandaxiz
MorrisonHotel,모리슨호텔,@morrison_h,facebook.com/suhan.nam.9
SPOTLIGHT,스팟라이트,@tunacracker,facebook.com/bandspotlight?ref=hl
Imujin,임우진,@limwoojin85,facebook.com/limwoojin85
Tediboijeu,테디보이즈,@TeddyBoysRock,facebook.com/teddyboysrock
PATiENTS,페이션츠,"",facebook.com/steelfacerecords
TheEssence,에센스,"",facebook.com/bandtheessence
TheBlackSkirts,검정치마,"",""
BandRururu,밴드루루루,"",facebook.com/https://www.bandrururu
Gwagpureunhaneul,곽푸른하늘,@kwakpudding,facebook.com/pureunhaneul
TheStrikers,스트라이커스,@the_strikers,""
DearCloud,디어클라우드,"",""
Naegwiedoceongjangci,내귀에도청장치,@wiretap2001,""
TheGeeks,TheGeeks,"",facebook.com/thexgeeks
TransFixion,트랜스픽션,"",""
VendingMachine,벤딩머신,"",""
Nemesis,네미시스,@NEMESIS_Band,facebook.com/NsisBand
Springcold,스프링콜드,@bandSpringcold,facebook.com/bandspringcold
KingstonRudieska,킹스턴루디스카,@K_rudieska,facebook.com/rudieska2004
SingilStn.Romance,신길역로망스,@sssromance,facebook.com/sssromance
Telefly,텔레플라이,@Band_Telefly,""
SORAN,소란,@트위터 아이디,facebook.com/bandsoran
Mihwaginsoeummulce,미확인소음물체,"",facebook.com/unoisingob
Monni,몽니,@band_monni,""
TheLads,청년들,@bandthelads,facebook.com/bandthelads
OksangDalbit,옥상달빛,"",facebook.com/www.okdal
PostPanic,포스트패닉,@PosT_PANiC,facebook.com/BandPosTPANiC
Guckkasten,국카스텐,@guckkastens,""
Daybreak,데이브레이크,@Band_Daybreak,facebook.com/BandDaybreak
TheQuip,더큅,@thequip,facebook.com/bandthequip
SALTNPAPER,솔튼페이퍼,@onemyk ,facebook.com/pages/MYK/61182222930
Beinseu,베인스,@Veinsxxxx,facebook.com/VEINSpage
SugarComeAgain,슈가콤아겐,@sugarcomeagain,facebook.com/sugarcomeagain
Romantiqua,로만티카,"",facebook.com/Band.romantiqua
BlackBag,블랙백,@band_blackbag,""
Pandaz,Pandaz,@bandpandaz,facebook.com/pandaz.co.kr
Camggaewasomsatang,참깨와솜사탕,@cham_som,facebook.com/chamsom.music
Reogseu,럭스,"",""
Nukie,nukie,@bandnukie,facebook.com/bandnukie
Nahu,나후,@bandNahu,facebook.com/https://www.bandNahu
Superkidd,슈퍼키드,"",""
Moonwhales,문웨일즈,@moonwhales_,facebook.com/moonwhales
Mary敍事,마리서사,@marystorylove,facebook.com/story.mary
HologramFilm,홀로그램필름,@hologramfilm,facebook.com/hologramfilm
TheBlocs,블락스,"",facebook.com/TheBlocs
Pepeotonseu,페퍼톤스,"",""
ByeByeBadman,바이바이배드맨,@byebyebadman,""
Lowdown30,로다운30,"",""
Jambinai,잠비나이,@jambinai,""
Esternsidekick,이스턴사이드킥,@easternsidekick,facebook.com/eskick
Herz,헤르츠,@BandHerz,facebook.com/herzband
Keuraenpildeu,크랜필드,@bandcranfield,facebook.com/bandcranfield
GuteGyene,그때걔네,@Hebronbyun,facebook.com/bandmguys
Monkeys,몽키즈,"",""
Lucia,루시아,@ROXIEEEEEEEE,facebook.com/luciamusic
Geunewaggoc,그네와꽃,@swingnflower,facebook.com/https://www.swingnflower
Sliderosa,슬라이드로사,@lviosena,facebook.com/www.sliderosa
MUSHRU:MS,머쉬룸즈,@band_mushrums,""
ChangKihaandtheFaces,장기하와얼굴들,@kihafaces,facebook.com/kihafaces
Syugabol,슈가볼,"",facebook.com/#!/sugarbowlpage
IronicHUE,아이러닉휴,"",facebook.com/www.ironichue
Remains,리메인즈,"",facebook.com/wwww.bandremains
PaperBag,페이퍼백,"",""
Gaeulbanghag,가을방학,"",""
Baramjong,바람종,@baram_jong,facebook.com/Baramjongmusic
Coreyah,고래야,@coreyahband,facebook.com/coreyahband
Raimberi,라임베리,@rhymevary,facebook.com/RhymeVary
Pia,피아,@bandpia,facebook.com/koreabandpia
HRsigan,HR시간,"",facebook.com/pages/HR/293792494013194
DEADBUTTONS,데드버튼즈,@deadbuttons,facebook.com/Deadbuttons
Jiteun,짙은,@ZittenUk,""
Pavlov,파블로프,@pavlov_seoul,facebook.com/PavlovSeoul
GgumePapyeon,꿈의파편,"",facebook.com/papyeon
SpeakOut,스픽아웃,@band_speakout,facebook.com/SPEAKOUT.kr
HwangBoRyeong=SmackSoft,황보령=SmackSoft,"",""
UbsNice,웁스나이스,@oopsnice,""
Peulraespis,플랫핏,"",facebook.com/theflatfeet
Ieunsu,이은수,"",facebook.com/Bluepaper1008
Haneumpa,한음파,@hanumpa,facebook.com/hanumpa
Yeonnamdongdeomaendeomeo,연남동덤앤더머,"",""
Redeusain,레드사인,"",""
BlackTunes,블랙튠즈,"",""
Cho-i,초이,@tsoiirock,facebook.com/tsoiirock
GrooveSpot,그루브스팟,@SharkySohn,facebook.com/bandgroovespot
Baghyeri,박혜리,"",""
GonnaBe,고나비,"",facebook.com/gonnabe4
RockersFashion,락커스패션,"",facebook.com/https://www.#!/pages/%EB%9D%BD%EC%BB%A4%EC%8A%A4%ED%8C%A8%EC%85%98-Rockers-Passion/
SquashVines,스쿼시바인즈,@squashvines,facebook.com/squashvines
YELLOLOCO,옐로로코,"",facebook.com/yelloloko
EgoFunctionError,에고펑션에러,@ego_error,facebook.com/EgoFunctionError?ref=hl
Soup/wood,soup/숲,@soup_wood,facebook.com/soup.wood
Peacock,피콕,@bandpeacock ,""
Gimgeoji,김거지,@kimgerji,facebook.com/beggarkim
Bluestream,푸르내,"",facebook.com/bluestream486
MustangSally,무스탕샐리,"",facebook.com/bandmustangsally
UrbanZakapa,어반자카파,@urbanzakapa,""
EpitonProject,에피톤프로젝트,@epitoneproject,""
9andnumbers,9와숫자들,@9andthenumbers,""
Mukimukimanmansu,무키무키만만수,@mukimukimanmans,facebook.com/mukimukimanmansu
Koeomaegeojin,코어매거진,@coremagazine_,facebook.com/bandcoremagazine
Yelroucib,옐로우칩,@Band_Yellowchip,facebook.com/bandYellowChip
LADIES,레이디스,"",facebook.com/ladiesbook
MONOBARN,모노반,"",facebook.com/monobarn
PANICSWITCH,패닉스위치[PANICSWITCH],"",facebook.com/penniswitch
Paenteomjeu,팬텀즈,@BandPhantomz,facebook.com/pages/Bandphantomz/501274266594369
PlasticHeart,플라스틱하트,@plasticheart___,facebook.com/plasticheartpunk
Jeongmina,정민아,@jung_mina,facebook.com/gayagumer
PeacockGreen,피콕그린,"",""
KimTaechun,김태춘,"",facebook.com/kimtaechun.blues
NorwegianWood,노르웨이안우드,@bandnor,facebook.com/BandNorwegianWood
Ibaijeo,이바이저,@ELECTRIC_VISOR,facebook.com/EVISOR
BlackRussian,블랙러시안,"",facebook.com/blackrussian11
Dihaiteu,디하이트,"",""
Saibogeu,사이보그,"",facebook.com/pages/Sighborggggg/160975937247925?fref=ts
FarFromHere,파프롬히어,"",facebook.com/ffhpunk
Gangto,강토,"",""
13Steps,13스텝스,"",facebook.com/https://www.pages/13-Steps/114601315280761?fref=ts
HonjaWatni,혼자왔니,@BandDYCA,facebook.com/bandDYCA
Steamboys,스팀보이즈,@Steamboys,facebook.com/steamboys
CityinDust,시티인더스트,@bandcid,facebook.com/cityindust
BamseomPirates,밤섬해적단,@bamseom,""
Ralraseuwis,랄라스윗,"",facebook.com/duolalasweet
TheKoxx,TheKoxx,@thekoxx,facebook.com/bandTHEKOXX
Mudeusalrong,무드살롱,"",facebook.com/MoodSalonfanpage
Hellivision,헬리비젼,@skunkydubsystem,""
KhocaneHead,코카인헤드,@BKhocane,facebook.com/pages/Khocane-HEAD/397905136930765
Yuurae,유우래,@yoborod,facebook.com/yoborod
21segipiteopaendeul,21세기피터팬들,"",facebook.com/21cpeterpans
Booze-Up,부즈업,"",facebook.com/withmatus
Peurom,프롬,"",facebook.com/fromm12
13thfloor,13층,"",facebook.com/band13floor
AnalogDiary,아날로그다이어리,"",facebook.com/analogdiary90/
SonJiYeon,손지연,"",""
ColdCherry,차가운체리,@ColdCherry_Bot,facebook.com/BandColdCherry
Lips-Bite,입술을깨물다,@Lips_bite,facebook.com/lipsbite
404,404,@404seoul,facebook.com/404seoul
MayandJuly,메이앤줄라이,"",facebook.com/mayandjuly
Sunstroke,썬스트록,"",facebook.com/www.sunstrok
ChinaMonkeyBrain,차이나몽키브레인,@BAND_CMB,facebook.com/chinamonkeybrain
JuckJuckGrunge,적적해서그런지,@juckjuckgrunzie,facebook.com/https://www.juckjuckgrunzie
VanilaCIty,바닐라시티,"",""
KimDaeJung,씨없는수박김대중,@no_seed_kimdj,""
Sizose,시조새,"",""
JeongMilA,정밀아,"",facebook.com/https://www.Jeongmilla
Gutz,거츠,@thegutzband,facebook.com/https://www.thegutzband
Kalria,칼리아,@calliaa90,facebook.com/calliaaa
Jeiseuteu,제이스트,"",facebook.com/https://www.#!/bandjst
AssassinationSquad,AssassinationSquad,"",""
Seukeomreideu,스컴레이드,"",""
SogyumoAcaciaBand,소규모아카시아밴드,@sogyumoda,""
TheRocktigers,락타이거즈,"",""
Fellas,펠라스,@fellasband,""
Hoochus,후추스,"",facebook.com/Hoochus
Reobeodeoki,러버더키,"",""
DeliSpice,델리스파이스,"",""
HelloStranger,헬로스트레인저,"",facebook.com/bandhellostranger
Ravienuage,하비누아쥬,"",""
Keulreob505,클럽505,@club_505,facebook.com/Club505
KopChangJeonGol,곱창전골,"",facebook.com/Kopchangjeongol?ref=hl
Christfuck,크라이스트퍽,"",""
Tyne,타인,@bandTyne,facebook.com//bandtyne
CryingNut,크라잉넛,"",""
Je8geugjang,제8극장,@Kichan8,facebook.com/theatre8
BlackDog,블랙독,"",""
CUBA,쿠바,@bandcuba2013,facebook.com/bandcuba
Ondal,온달,"",facebook.com/ondahl
Sultanofthedisco,술탄오브더디스코,"",""
Russaiteutoggi,루싸이트토끼,@lucite_tokki,""
HuckleberryFinn,허클베리핀,"",""
Raonjena,라온제나,@bandraonjaena,facebook.com/bandraonjaena
MonkeyBeatz,몽키비츠,"",facebook.com/MonkeyBeaTz1
Seunujeo,스누저,"",facebook.com/bandsnoozer
ChocolatePowder,초콜릿파우더,@choco_powder,facebook.com/BandChocolatePowder
Bbeoji,뻐지,"",""
MidnightSmokin'Drive,미드나잇스모킹드라이브,"",facebook.com/MSD1028ㅍ
SosimhanOppadl,소심한오빠들,@SosimBoys,""
FromTheAirport,프롬디에어포트,@_fromtheairport,facebook.com/FromTheAirport
BurnMyBridges,BurnMyBridges,"",facebook.com/xburnmybridgesx
Yunikon,유니콘,"",""
3rdLineButterfly,3호선버터플라이,@3rdlinebfly,facebook.com/https://www.3rdLineButterfly
Piteopaenkeompeulregseu,피터팬컴플렉스,"",facebook.com/bandpeterpancomplex
Bangulagdan,방울악단,@band_BELLBAND,""
BigBabyDriver,빅베이비드라이버,@BigBabyDriver,facebook.com/Bigbabydriver
NoBrain,노브레인,"",""
Startline,스타트라인,"",facebook.com/bandstartline
Modsdive,모즈다이브,@modsdive,""
Honggab,홍갑,@honggaap,""
SoulTrain,소울트레인SoulTrain,@Band_Soultrain,facebook.com/festivalNADA&nestNADA
NoControl,노컨트롤,"",""
Wujuagassi,우주아가씨,@wujuagassi,""
BigPhony,빅포니,"",""
Ororaseuting,오로라스팅,@shinjiyoun,""
Rukh,Rukh,"",""
성낙원,성낙원,@Nockwon,facebook.com/nockwon
Crossbones,크로스본즈,"",facebook.com/crossboneskr
AnimalAnthem,AnimalAnthem,"",facebook.com/AnimalAnthem
Gajamisonyeondan,가자미소년단,@Gajamiboy,""
TheUNITED93,더유나이티드93,"",""
Manggakhwa,망각화,@bandmanggakwha,""
Keopisonyeon,커피소년,@coffeeboy5,facebook.com/pages/%EC%BB%A4%ED%94%BC%EC%86%8C%EB%85%84Coffeeboy/106551876080959
Beulrupapeurika,블루파프리카,"",facebook.com/https://www.bluepaprikan
Soeumbaendeu,소음밴드,@bandsoum,facebook.com/souminmusic
VivaCity,비바시티,"",facebook.com/bandvivacity
NewBlueDeath,NewBlueDeath,"",facebook.com/newbluedeath
DITTOMOOD,디토무드,@stupidcomposer,facebook.com/DittoMood
Dalmaseonsaeng,달마선생,"",""
Avoid,어보이드,@a_voidtwit,facebook.com/bbandavoid
TheStray,더스트레이,@Band_stray,facebook.com/BandStray
SoundMuseum,소리박물관,@sorimuseum,facebook.com/sorimuseum
Simsojeong,심소정,"",facebook.com/summerdolcho
BandofNockwon,성낙원밴드,@Nockwon,facebook.com/nockwon
Jackinthebox,잭인더박스,@JIB_official,facebook.com/BANDJIB
Yalgaedeul,얄개들,"",facebook.com/https://www.facebook.comyalgaedle/
Siberianheoseuki,시베리안허스키,@husky_band,facebook.com/band.sh
Hoso,호소,"",facebook.com/www.hoso0205
CLUMSY,클럼지,@Bandclumsy,""
Queen'sNest,퀸즈네스트,@BandQueensNest,facebook.com/queensnest
Sonson,손손,@트위터 아이디,facebook.com/hisonson
Yeongsinho,영신호,"",facebook.com/0sinho
SeoulRiddimSuperclub,서울리딤슈퍼클럽,@seoul_riddim,facebook.com/seoulriddimsuperclub
TheCockrasher,카크래셔,"",facebook.com/steelfacerecords
Jaurim,자우림,@bandJAURIM,facebook.com/bandJAURIM
IDIOTAPE,이디오테입,@idiotape,facebook.com/Idiotape  
PearlsDay,펄스데이,"",""
Yogiingan,요괴인간,"",facebook.com/https://www.Yokayingun
Bbalganyija,빨간의자,"",""
Gimyeonseung,기면승,@ki_myunseung,facebook.com/kikimyunseung
Ninanonanda,니나노난다,@ninano_nanda,facebook.com/www.ninanonanda
Songnami&response,송나미앤리스폰스,@Riopunk123,facebook.com/songnami79
BlueLabel,블루라벨,@bllbrock4,facebook.com/bluelabel4
WHOOL,훌,@트위터 아이디,facebook.com/wHOOL.KR?ref=hl
ElPatron,엘파트론,"",""
YOOSEUNGAH,유승아,@SEUNGAYOO,facebook.com/sayseungahyoo
ThingsWeSay,ThingsWeSay,"",facebook.com/ThingsWeSay
YeryBand,예리밴드,@YERYBAND,""
StandingEgg,스탠딩에그,@golden_groove,facebook.com/standing.egg
Forestofbreath,숨의숲,@yoonguitar,facebook.com/bandfob
Garion,가리온,@garionhiphop,""
RainbowStage,RainbowStage,@rainbow_stage,facebook.com/BandRainbowStage
WalkingAfterU,WalkingAfterU,"",""
Tierpark,티어파크,"",facebook.com/seoul.tierpark
Mustrawberry,겨자맛딸기,"",facebook.com/mustrawberry
Thirdstone,써드스톤,"",""
Morrie,모리,@morriemusic,facebook.com/morriemusic
T.A-Copy,타카피,"",""
Nabimas,나비맛,@nabimat,""
BurntoutHouse,번아웃하우스,@burntouthouse,facebook.com/burntouthouse
SSS,SSS,@band_SSS,facebook.com/band.SSS
Gamseongciyu,감성치유,"",""
Taru,타루,@tarushaman,""
StrangeMajor,스트레인지메이저,"",facebook.com/strangemajor
21SCOTT,21SCOTT,@21SCOTT1,facebook.com/pages/21SCOTT/281399282251
NamSeungho,남승호,@voicerain,facebook.com/seungho.nam.9
Eedle,이들,@bandeedle,facebook.com/bandeedle
MCseunaipeo,MC스나이퍼,"",""
Ggumekamerareulgajyeoolgeol,꿈에카메라를가져올걸,"",facebook.com/kumca
Geulrencekeu,글렌체크,@bandglencheck,""
Solrusyeonseu,솔루션스,@The_solutions,""
Gulsonyeondan,굴소년단,"",facebook.com/Gulsonyeondan
Galrigseu,갈릭스,"",facebook.com/https://www.bandgarlixx
Activers,액티버스,@www.BAND_Activers,facebook.com/4Activers
Sinseungeun,신승은,"",""
SKAWAKERs,스카웨이커스,"",facebook.com/SKAWAKERs
DragonHeadMountainPark,드래곤헤드마운틴파크,"",facebook.com/BandDHMP
Riteo,리터,"",""
Seoyeongdo,서영도,"",facebook.com/YDSMUSIC
Coetaehyeon,최태현,"",""
Sunbee,선비,"",facebook.com/kairos.sunbee
PassionFlower,패션플라워,@_PassionFlower_,facebook.com/P.FlowerKOR
BandNuru,느루,"",facebook.com/www.neuru2013
CombativePost,CombativePost,"",facebook.com/https://www.CPXHC
Sister'sBarbershop,언니네이발관,"",""
Yangcanggeun,양창근,@yangchang_89,""
ABsolute,앱솔루트,"",facebook.com/bandabsolute
HanHeiJeong,한희정,@dawnyboom,""
Soulloge,소울로지,@Soulloge,facebook.com/Soulloge
ChivaSound,치바사운드,"",""
AngryBear,화난곰,@angrybearkorea,facebook.com/angrybearkorea
AFA,에이에프에이,@thebandafa,facebook.com/pages/AFA/581182111941631
Trickyneko,트리키네코,@trickyneko,facebook.com/trickyneko
Suckstuff,썩스터프,"",""
Bimilrie,비밀리에,@bandbimilie,facebook.com/bimilie
Nineo'clock,나인어클락,@withnineoclock,facebook.com/withnineoclock
Pingkeuelripeonteu,핑크엘리펀트,@pinkelephantkr,facebook.com/pinkelephantkorea
MoonPatrol,문패트롤,@band_moonpatrol,facebook.com/band.moonpatrol
PaperTree,페이퍼트리,"",""
Genius,지니어스,"",""
BasketNote,바스켓노트,"",""
BandMyoMyo,밴드묘묘,"",facebook.com/bandmyomyo
LABOHEME,라보엠,"",facebook.com/labohemelove
NGBBand,뉴금붕어밴드,"",""
Greyway,그레이웨이,"",""
HurJiYoung,허지영,"",facebook.com/HeoJeeYoung
Dives,다이브스,@sf_records,facebook.com/steelfacerecords
Anhonggeun,안홍근,@projjetajio,facebook.com/projjeta
Kaejueolbijiteu,캐주얼비지트,"",facebook.com/casualvisit
Breeze,브리즈,@thebrz,facebook.com/bandthebreeze
Achime,아침,"",""
Casker,캐스커,@yoong_casker,""
Apollo18,아폴로18,@apollo18band,facebook.com/https://www.apollo18band
Trampauline,트램폴린,"",""
BulldogMansion,불독맨션,@트위터 아이디,facebook.com/페이스북 주소
TheWADE,theWADE,@bandwade,""
GWAMEGI,과매기,"",facebook.com/GWAMEGI
Yukari,유카리,@yukarimusik,facebook.com/ukarimusik
AriBand,아리밴드,"",""
Alligators,악어들,@aggudle,facebook.com/Aggudle?fref=ts
Daydream,데이드림,@banddaydream,""
SoundShower,사운드샤워,"",facebook.com/ssjjang
REDLOW,레드로우,"",""
Pagoiwang,파괴왕,@Pagoiwang,facebook.com/hwangtab
HumanRace,휴먼레이스,@Band_HumanRace,facebook.com/HumanRace.kr
Yangyang,양양,"",""
Siwa,시와,@withsiwa,""
Cheezstereo,치즈스테레오,"",facebook.com/https://www.cheezstereo
Romaentigmelrodicobi,로맨틱멜로디초비,"",facebook.com/RomanticMelodyChobi
EAeon,이이언,@eaeon,""
Moon,문,"",facebook.com/bandbacchus
DringeAugh,드린지오,"",""
KillerDrones,킬러드론즈,"",facebook.com/TheKillerDrones
Rozz,로즈,"",facebook.com/rozzband
Tumyeong,투명,@twomyung,facebook.com/twomyung
82BungeeJump,82번지점프,"",""
BettyAss,BettyAss,"",facebook.com/BettyAss
TOMTOM,톰톰,@band_tomtom,facebook.com/band.tomtom
RoosterRide,루스터라이드,"",""
Daehyeon,대현,@sputnik0511,facebook.com/sputnik0511
Robotomi,로보토미,@blameprofd,facebook.com/blameLOBOTOMY
Picibon,피치본,@bandpb,facebook.com/bandpb
2seutori,2스토리,"",facebook.com/2story2
Sidecar,사이드카,"",facebook.com/sidecarpunk
Teuwilreoseu,트윌러스,"",facebook.com/https://www.pages/Twillerce-%ED%8A%B8%EC%9C%8C%EB%9F%AC%EC%8A%A4/135638543281545
여섯개의달,여섯개의달,"",facebook.com/6monthsong
Goyo,고요,"",facebook.com/BANDGOYO
MinKyungin,민경인,"",facebook.com/kyungin.min.92
THEKITSCHES,더키치스,"",facebook.com/Kitschesthe
BulnabangSsosaeji,불나방스타쏘세지클럽,"",""
PrincessDisease,프린세스디지즈,@rhdwnqud,facebook.com/https://www.princessdisease7
Rokesdaieori,로켓다이어리,"",""
PeopleandPeople,사람또사람,"",facebook.com/https://www.4tto4
StorySeller,스토리셀러,"",facebook.com/https://www.bandstoryseller
Igibbeum,이기쁨,@egipum,""
Yunha,윤하,"",""
IruriProject,이루리프로젝트,"",""
SKASUCKS,스카썩스,"",""
Kamelraijeu,카멜라이즈,"",""
Sarasu,사라수,"",facebook.com/bandsarasu
SeoJiSeok,서지석,@camomiles,facebook.com/seojiseok
AV,에이브이,"",""
Seumyeodeun,스며든,@wookdnr,facebook.com/smyudden
Hachi,하찌,"",""
Geuru,그루,"",""
OverHead,오버헤드,@overhead2,facebook.com/overheadkoera
Juliadream,줄리아드림,"",""
Woozy,Woozy,"",facebook.com/thewoozy
Cuspid,커스피드,"",facebook.com/bandcuspid
SolsolBombaram,솔솔부는봄바람,"",""
Jannabi,잔나비,"",""
VerbalJint,버벌진트,@freevj,""
NOXX,녹스,@BAND_NOXX,facebook.com/BANDNOXX
Jaieonteubeeo,자이언트베어,@giantbearrock,""
Irang,이랑,"",""
Ijeongbeom,이정범,"",""
Narang,나랑,"",facebook.com/bandnarang
YoonmiChoiTrio,최윤미트리오,"",""
Geonilsum,거닐숨,"",""
Decide,디사이드,"",facebook.com/decide2013
SoHyunHan,한소현,@3rdcoast_sofly,facebook.com/hansohyunpage
YucherishBand,유체리쉬밴드,"",facebook.com/Yucherishband
...WhateverThatMeans,왓에버댓민즈,"",facebook.com/whateverthatmeansmusic
KidsOnTheMove,KidsOnTheMove,@kidsonthemovehc,facebook.com/kotmhc
Telepathy,텔레파시,@band_telepathy,facebook.com/bandtelepathy
Bard,바드,"",""
Baegsuwajossi,백수와조씨,"",facebook.com/bandbnj
JeongiHurun,전기흐른,@flowingseoul,facebook.com/flowing.seoul
"Manju,OneBag",만쥬한봉지,"",facebook.com/manju1bag
Simakim,simakim,@sima_kim,facebook.com/simakim
KNAVE,네이브,@bandknave,facebook.com/bandKnave
MEMEME!,MEMEME!,@bandmememe,facebook.com/bandmememe
Us,어스,@Band_us,facebook.com/rockbandus 
NON,NON,@soundofnon,facebook.com/Soundofnon
BandMinha,밴드민하,"",""
PinkfunniAde,핑크퍼니에이드,"",""
CloseTalk,CloseTalk,@hite2580,""
ROS,로스,"",""
Six,식스,"",facebook.com/pages/%EC%8B%9D%EC%8A%A4-band-Six/215850401904292?fref=ts
Ibeundeoseuteu,이븐더스트,"",""
ArtofParties,아트오브파티스,"",facebook.com/pages/art-of-parties-official/204665949596202
SabinaandDrons,사비나앤드론즈,@savina0128,facebook.com/profile.php?id=100001493270295
RemnantsOfTheFallen,렘넌츠옵더폴른,"",facebook.com/ROTFofficial
Iseungyeol,이승열,@YiSungYol,""
PuerKim,퓨어킴,@puerkim,""
Minyeol,민열,@www.facebook.compagesNIKI5516034918448507,facebook.com/singersongwriterMINYOUR
Jeongjunil,정준일,"",""
OhJiEun,오지은,@heaventomorrow,""
Teardrop,티어드랍,@bandteardrop,facebook.com/bandteardrop
BORI,보리,"",facebook.com/boriandcujo
Peulraingcikin,플라잉치킨,@FlyingChicken4M,facebook.com/100m1s
PICNICINTHERAIN,PICNICINTHERAIN,"",facebook.com/picnicintherain
SunwooJung-A,선우정아,"",""
Singarambaendeu,신가람밴드,@shingaram,facebook.com/shingaram  
Gaho,가호,"",""
StereoBay,스테레오베이,@Stereobay,facebook.com/stereobay
Yoa,요아,"",facebook.com/#!/yongchae.jeong.82
Croque-note,크로크노트,"",""
InsaneDogs,인세인독스,"",""
Newton,뉴튼,@newtonradiostar,facebook.com/newtonradiostar
Danpyeonsyoskeos,단편숏컷,"",facebook.com/Danpyeon
Igseutensyeon,익스텐션,"",""
LeeArib,이아립,"",""
SeogyoGroupSound,서교그룹사운드,@sggsound,facebook.com/sggsound
BlueNearMother,블루니어마더,"",""
SurisuriMahasuri,수리수리마하수리,@surisurimaha,facebook.com/surisurimahasuri
DailyNote,데일리노트,"",facebook.com/https://www.epdlfflshxm
Taehieon,태히언,@tehiun,""
RedButterflyChoir,붉은나비합창단,@cbEnsemble,facebook.com/cbensemble
SesangAi,세상아이,@band_children,facebook.com/fb.com/bandchildren
TheCowchips,TheCowchips,"",facebook.com/TheCowChips
CRTaegyu,CR태규,@cr_taegyu,""
Gimseonug,김선욱,"",""
YoonSeul,윤슬,"",""
Meoseuteubi,머스트비,"",""
LikerMelo,라이커멜로,@bandlikeamelo,""
EverySingleDay,에브리싱글데이,@트위터 아이디,facebook.com/everysingledaykorea
KimSarang,김사랑,@mudcandy,facebook.com/mudcandy
Johaseohaneunbaendeu,좋아서하는밴드,"",facebook.com/joaband
AshGray,애쉬그레이,"",""
UnpluggedBoy,언플러그드보이,@Unplugged_boy,facebook.com/pages/unplugged-boy/184787164955402
18gram,18그램,"",""
Polraroideu,폴라로이드,"",facebook.com/thepolaroidband
Mujigae99,무지개99,"",""
4thfloor,4thfloor,@band_4thFloor,facebook.com/4thFloor.kr
FeverDogs,피버독스,"",facebook.com/www.#!/pages/feverdogs/169309083147743
YOONGUITAR,윤기타,@yoonguitar,facebook.com/yoonguitar
SeoYeRin,서예린,@rainyerin,facebook.com/pages/%EC%84%9C%EC%98%88%EB%A6%B0/142438782564564
MerryGoRound,MerryGoRound,"",""
Mate,메이트,"",""
Eeeho,이호,@eeeho_,facebook.com/eeeho.kr
Deokeratinjeu,더케라틴즈,"",facebook.com/keratins
SecretPub,비밀주점,@bandthetardis,facebook.com/bandsecretpub
UsedCassettes,UsedCassettes,"",facebook.com/https://www.usedcassettesseoul
Regsiteu,렉시트,"",facebook.com/LeftSideExit
DalDalgong,달달공작소,"",facebook.com/daldalgongjakso
LastSceneFilm,라스트씬필름,"",""
TurtleFinger,거북이손가락,@theturtlefinger,facebook.com/turtlefingers
MET,밴드멧,@mleyts,facebook.com/mleyts
Gweonuyuwawidaehanhanghae,권우유와위대한항해,"",facebook.com/https://www.thegreatestvoyage
KimIldu,김일두,"",""
TheMoonshiners,문샤이너스,@moonshiners1234,""
MITM,미틈,"",facebook.com/https://www.mitm11
Scarfish,스카피쉬,"",""
Ludistelo,루디스텔로,@ludistelo,facebook.com/ludistelomusic
ChoeGonne,최고은,@iamgonne,""
OverseasChineseCulture,화교문화,@overseasculture,facebook.com/overseaschineseculture
HASUSANG,하수상,"",facebook.com/hasusang
TheAlphards,알파즈,@thealphards,facebook.com/thealphards
RedMotion,레드모션,"",facebook.com/bandredmotion
Jeonghanbyeol,정한별,"",""
ChantersAlley,ChantersAlley,"",""
BIQSHIFT,빅쉬프트,@bIQsHIFT,facebook.com/bIQsHIFT
SorryPeople,미안한사람들,"",facebook.com/sorrypeople12
Cizzle,씨즐,"",""
YaYa,야야,@yayakorea,facebook.com/yayanight
Clazziquai,클래지콰이,"",""
WiseApple,와이즈애플,@WiseAppleRock,facebook.com/WiseAppleBand
Sai,사이,"",""
Mongguseu,몽구스,"",""
Urineunsogosdosaenggyeossgoyeojadoneuleossdane,우리는속옷도생겼고여자도늘었다네,"",""
Kumapark,쿠마파크,@kumapark80,facebook.com/kumapark80
Joaram,조아람,@jjoallam,facebook.com//joearamandstory
DeepGray,딥그레이,@band_deepgray,facebook.com/band.deepgray
GuSaramProject,그사람프로젝트,"",facebook.com/whatlilysaid
Gimtoil,김토일,@GimToil,facebook.com/GimToil
Yunje,Yunje,@imyunje,facebook.com/jonghoon.seong.1
Noeazy,노이지,@bandnoeazy,facebook.com/bandnoeazy
Soso,소소,"",""
Eonnideul,언니들,"",facebook.com/unniedeul
Arumi,아름이,@brightahleum,facebook.com/acoustic.arumi
Trcycl,트라이씨클,"",""
Ijanghyeog,이장혁,"",""
SERENA17,세레나세븐틴,@serena17band,facebook.com/bandserena17
DJ.59,DJ.59,@vinylbar_tweet,facebook.com/https://www.59high59
Ddeugeoungamja,뜨거운감자,"",""
Jeonggigo,정기고,@junggigo,""
Moimbyeol,모임별,@www_byul_org,facebook.com/byul.org
WindyCity,윈디시티,"",""
Ujuhipi,우주히피,"",""
Unside,언사이드,@Band_unside,facebook.com/www.Band.unside
ALLIHAVE,ALLIHAVE,"",facebook.com/https://www.allihavehardcore
Nickea,니케아,@lovenickea,facebook.com/https://www.ilovenickea
Seorabsoghyeobjudan,서랍속협주단,@okinbox,facebook.com/okinbox
Namgyeongmin,남경민,"",""
HeokinBan,허킨벤,"",""
BadTrip,배드트립,@badtripxxx,""
El_Casta,엘카스타,@band_elcasta,facebook.com/bandelcasta
Junobeu,주노브,"",""
Songyongcang,송용창,@iisiu,facebook.com/100001313246449
Reijibon,레이지본,@bandlazybone,facebook.com/https://www.lazybonekr
NoReplay,노리플라이,"",facebook.com/NoReplyKR
Ihanceol,이한철,@Caraces,""
LeeSA,리싸,"",""
Nangmanyurangagdan,낭만유랑악단,"",""
OnemoreChance,원모어찬스,"",""
HiMrMemory,하이미스터메모리,@twitter.com/himrmemory,""
Yujeonggyun,유정균,@YuJeongGyun,""
Gimmaseuta,김마스타,@kimmaster77,""
Geureus,그릇,"",""
SoulPark,소울파크,"",""
Umak-gyesok-halggojana,음악계속할거잖아,"",facebook.com/ssonglonglong
Gimwanhyeong,김완형,@latincomedy,facebook.com/latincomedy
Evening,저녁,"",facebook.com/https://www.band2vening
Stoned,스톤드,"",facebook.com/stonedstoned
Bamyipikeunig,밤의피크닉,"",""
FunnyPeople,퍼니피플,"",facebook.com/https://www.#!/BANDFunnypeople
NaBee,나비,"",facebook.com/theremains
Kilreokeosceu,킬러컷츠,"",""
GRAYE,그레이,@grayemoon,facebook.com/moongraye
Gasi,가시,"",""
ViciousGlare,비셔스글래어,"",facebook.com/viciousglareSCHC
OrangePlane,오렌지플레인,"",facebook.com/ORANGEPLANE
UHF,UHF,@decemberjanvier,facebook.com/banduhf
Mogabi,모가비,@rockband_mogavi,facebook.com/mogaviband?ref=hl
Odaeri,오대리,"",facebook.com/https://www.odaeri
Monocode,모노코드,@Band_MoNoCoDe,facebook.com/bandmonocode
Hailstorm,헤일스톰,"",facebook.com/heavyhailstormmusic
Hahyeonyongbaendeu,하현용밴드,"",facebook.com/www.HHYband
ImjeonghunBand,임정훈밴드,"",""
A-TEMPO,에이템포,"",facebook.com/www.atempo2012
Thetardis,더타디스,"",""
Jojeonghyi,조정희,"",""
SUMMERHEREKIDS,썸머히어키즈,"",""
Sorinae,소리내,"",""
Oi!Resolut,오이리솔루트,@트위터 아이디,facebook.com/페이스북 주소
MasumotoKota,마쓰모토코타,@masumoto_kota,""
NuncoBand,눈뜨고코베인,"",facebook.com/https://www.nuncoband?fref=ts
ONEPUNCH,원펀치,@band_onepunch,facebook.com/onepunchsong
AnkleAttack,앵클어택,"",""
AmatureAmplifierforAmatureAmplifier,아마츄어증폭기를위한아마츄어증폭기,"",""
Method,메써드,@methodmetal,facebook.com/https://methodmetal
Pika,피카,"",""
Areina,Areina,@Areina11ihoho.com,"facebook.com/Areina11@ihoho.com
/* &lt;![CDATA[ */
(function(){try{var s,a,i,j,r,c,l,b=document.getElementsByTagName(""script"");l=b[b.length-1].previousSibling;a=l.getAttribute('data-cfemail');if(a){s='';r=parseInt(a.substr(0,2),16);for(j=2;a.length-j;j+=2){c=parseInt(a.substr(j,2),16)^r;s+=String.fromCharCode(c);}s=document.createTextNode(s);l.parentNode.replaceChild(s,l);}}catch(e){}})();
/* ]]&gt; */
"
Zihard,지하드,"",""
Baegja,백자,@baekja,facebook.com/www.baekja100
Myujikanube,뮤지카누베,"",facebook.com/musicanube
Yeonaeganeungseong0peuro,연애가능성0프로,"",facebook.com/weareyoungpro
Igniter,Igniter,"",facebook.com/igniter2011
SlowBaby,슬로우베이비,@slow_baby_,facebook.com/https://www.bandslowbaby
HongHaeJoo,홍혜주,@hhyezoo,""
Tuindian,투인디안,"",""
Sidecar,Sidecar,"",""
Myohannana,묘한나나,@myohannana,facebook.com/myohannana
Atlat,Atlat,"",facebook.com/bandATLAT
Mimyo,Mimyo,@mimyo_,facebook.com/demimyo
Samchi&Ekiri,삼치와이기리,"",""
Passover,패스오버,"",facebook.com/bandpassover
Jinagadeonjossi,지나가던조씨,"",facebook.com/passingjosh
MiyoungMoon,문미영,@yesnowornever,facebook.com/moonsingsong
Seuwimingdol,스위밍돌,@swimmingdoll,""
TheVale,TheVale,@BandTheVale,""
Seine,세인,@seinekim,facebook.com/the.seine
Raundeutu,라운드투,"",""
Maru,마루,"",""
InsaneSiment,인생시망,"",facebook.com/insaneciment
SmallO,스몰오,"",""
Lunafly,루나플라이,@officialLUNAFLY,facebook.com/officialLUNAFLY
Gimbada,김바다,"",facebook.com/badakim9
SoulLights,소울라이츠,@soulights,facebook.com/soulights
Seuwisribenji,스윗리벤지,"",""
AuthenticSound,어센틱사운드,"",facebook.com/BandAuthenticSound
Ihoseog,이호석,@asra_ig,""
LeeJinWoo,이진우,@jinwoo_l,facebook.com/JinwooLPage
JUDE,JUDE,@jude_kor,facebook.com/jude.kor
Yunnarateurio,윤나라트리오,"",facebook.com/yoonnarasong
RedCumulus,RedCumulus,"",facebook.com/TheRedCumulus
HEADTURNER,HEADTURNER,"",facebook.com/headturner.co.kr
VictorView,빅터뷰,"",""
Manixive,Manixive,"",""
R.S.Presso,알.에스.프레소,"",""
Yeongbuinbaendeu,영부인밴드,@0vueenband,facebook.com/0vueen
ShabazzPalaces,샤바즈팰러시스,"",facebook.com/pages/Shabazz-Palaces/117954334892194?fref=ts
TheLake,더레이크,"",""
Iana,이아나,@twtkr.comKyungeunYiana ,facebook.com/kyungeunyiana
TheFix,TheFix,"",facebook.com/elefuns
DRONGO,드론고,"",facebook.com/BandDrongo
Badcupid,배드큐피드,@bandBADCUPID,facebook.com/bandBADCUPID
AcousticCollabo,어쿠스틱콜라보,"",facebook.com/MOG.AcousticCollabo
DIESELSNEAKERS,디젤스니커즈,"",""
LucidFall,루시드폴,@lucid_fall_jo,""
Frenzy,프렌지,@bandfrenzy,""
Pine,피네,@Band_fine,facebook.com/3fine
Heureun,흐른,"",""
ParyeomchiAkdan,파렴치악단,@theinfamousorch,facebook.com/theinfamousorchestra
Roundheads,라운드헤즈,"",facebook.com/BAND.ROUNDHEADS
Bogtaewahangun,복태와한군,@boktea,facebook.com/100000708437662
Soseol,소설,"",facebook.com/musicitysoul
JARAMPROJECT,자람프로젝트,"",facebook.com/JARAMPROJECT
SoundHills,사운드힐즈,@rockersik,facebook.com//thesoundhills
Purgatorium,Purgatorium,"",facebook.com/purgatorium.official
Linus’sBlanket,라이너스의담요,"",""
Quartz,쿼츠,@The_Quartz ,facebook.com/bandquartz
Mabeobsadeul,마법사들,"",""
Burstered,Burstered,@burstered,facebook.com/Burstered
ThePlatanus,플라타너스,"",facebook.com/bandPlatanus
"Kwak,Jin-eon",곽진언,"",""
Gon,곤,"",""
Kobseugeuraindeo,콥스그라인더,"",""
PihaeUisik,피해의식,@PHUSmetal,facebook.com/https://www.phusmetal
JBEL,제이벨,@psychefool,facebook.com/jeybell1
Emon,에몬,@emon0830,facebook.com/emon0830
Yagwangtoggi,야광토끼,@doggyrichstyle,facebook.com/doggyrichstyle
STANDARD,스탠다드,"",facebook.com/pagestandard
Bunabi,부나비,"",""
DAMIRAT,다미라트,"",facebook.com/pages/다미라트-Damirat/111876682323899
NOWhere,NOWhere,@noregret10,facebook.com/bandnowhere
Pentasonic,펜타소닉,@pentasonic,facebook.com/pentasonicband
Sigyetaeyeoborenji,시계태엽오렌지,"",""
TitanSlang,TitanSlang,"",facebook.com/TitanSlang
MonsterFactory,몬스터팩토리,"",facebook.com/bandMonFac
Songeunseog,송은석,"",""
Balmitegureum,발밑에구름,@Youyouhee,facebook.com/pages/발밑에-구름/216891268325555
OdraKernely,오드라커널리,"",""
Simjeonmubaendeu,심전무밴드,"",""
Beetlejuice,비틀쥬스,@beetlejuiceband,""
COPYMACHINE,카피머쉰,@bandcopymachine,""
Hajjiwaaeri,하찌와애리,"",""
Joieom,조이엄,@joyumn,facebook.com/will.joyumn
Nain,나인,@dearcloud_nine,""
WeAreTheNight,위아더나잇,"",""
ReSka,레스카,@re_ska,""
Idealisitc,아이디얼리스틱,"",facebook.com/BANDidealistic
Ildaneunjunseogideul,일단은준석이들,"",""
SAZAcoeujun,SAZA최우준,@saza_woojoon,facebook.com/sazachoi
Gangsane,강산에,"",""
Elruijeu,엘루이즈,@eloiseofficial,facebook.com/eloiseofficial
BandRyeongyo,밴드령교,"",""
Isangyinalgae,이상의날개,@bandwings,facebook.com/bandwings
WinterBard,윈터바드,"",facebook.com/Winterbard
Dali,달리,@PianoDali,facebook.com/2sanga1nara
Nayunseongbaendeu,나윤성밴드,"",""
Lookers,루커스,"",facebook.com/bandlookus
Haikweolritipeiseu,하이퀄리티페이스,"",""
Imseungmug,임승묵,@lsmland,facebook.com/lsmland
GwanjanoriCobraPunch,관자놀이코브라펀치,"",""
MOAB,모아브,"",facebook.com/BandMOAB
Crack,더크랙,@bandthecrack,""
Ishtar,이슈타르,"",""
TheMarchKings,마치킹스,"",facebook.com/themarchkings
EonuSae,어느새,"",facebook.com/Somebirds?ref=hl
RaRaRiot,라라라이엇,@rarariot,facebook.com/rarariot
Daunseuteurim,다운스트림,"",""
LayBricks,레이브릭스,"",facebook.com/laybricks
TheLake,TheLake,"",""
Ahan,아한,"",""
SunnyKim,SunnyKim,@jazzsunnykim,facebook.com/profile.php?id=730593412
TheStrangebar,이상한술집,"",facebook.com/www.esanghan
Wibeomenswi,위버멘쉬,"",""
Gweonjuweon,권주원,"",""
KwonSoonKwan,권순관,@moment82,facebook.com/moment82
Sohi,소히,"",facebook.com/​sorri.choi
UV,UV,"",""
Hyehwadongsonyeon,혜화동소년,"",""
Iyeonghun,이영훈,"",facebook.com/https://www.leeyounghoonmsb
EVE,김세헌,@eveguy,facebook.com/guy.kim.5
Weil,웨일,"",""
Gimsaesbyeol,김샛별,@10dspace,facebook.com/10dspace
RossyPP,로지피피,@rossypp,""
Naljaonyong,날자오뇽,@트위터 아이디,facebook.com/Naljaonyong
OnASaturday,온어새터데이,"",facebook.com/onasat
Saram12saram,사람12사람,@saram12saram,facebook.com/saram12saram
PusanStranger,부산아.들,@busansons,""
TeRas,테라스,"",""
DowntownBoys,다운타운보이즈,@downtownboyss,facebook.com/dtboys
Kolteukoltegnodongjabaendeu,콜트콜텍노동자밴드,"",""
889,889,@Band889,facebook.com/band889
Jeje,제제,@indiejeje,facebook.com/indiejeje
Atomriteonjeu,아톰리턴즈,@atomreturnz,facebook.com/AtomReturnz
TheBarberettes,바버렛츠,"",""
Loney7,로니세븐,@bandloney7,facebook.com/LoneySeven
Rao,라오,"",facebook.com/bandlao
CTM,씨티엠,"",""
MejungI'm,미정임,"",facebook.com/Mejung.Im
Reeze,리즈,"",facebook.com/bandlids
Solga,솔가,"",""
ThePlanners,플래너스,@withPlanners,facebook.com/withplanners
Hyeonyongseonteurio,현용선트리오,"",""
Momentale,모멘테일,"",facebook.com/momentale
Nyuteun,뉴튼,@newtonradiostar,facebook.com/https://www.newtonradiostar
SorryPolarBears,미안해북극곰,"",""
Jay,제이,@junseok3,facebook.com/junseok2love
PSILOVEYOU,PSILOVEYOU,"",facebook.com/psiloveyouband
Shigeto,시게토,@__SHIGETO,facebook.com/ShigetoMusic
TheNightowl,더나이트아울,@트위터 아이디,facebook.com/iam.nightowl
Tete,테테,"",""
LeeSeungHwan,이승환,@dfactorian,facebook.com/DreamFactoryClub
Homage,오마쥬,@BandHommage,facebook.com/BandHommage
W&Whale,W&Whale,@_wnwhale,""
ChoJeongChi,조정치,@milescho78,""
PartyStreet,파티스트릿,@party_street,""
NoRespectForBeauty,노리스펙트포뷰티,"",""
SorryPolarBears,미안해북극곰,"",""
Jay,제이,@junseok3,facebook.com/junseok2love
PSILOVEYOU,PSILOVEYOU,"",facebook.com/psiloveyouband
Shigeto,시게토,@__SHIGETO,facebook.com/ShigetoMusic
TheNightowl,더나이트아울,@트위터 아이디,facebook.com/iam.nightowl
Tete,테테,"",""
LeeSeungHwan,이승환,@dfactorian,facebook.com/DreamFactoryClub
Homage,오마쥬,@BandHommage,facebook.com/BandHommage
W&Whale,W&Whale,@_wnwhale,""
ChoJeongChi,조정치,@milescho78,""
PartyStreet,파티스트릿,@party_street,""
NoRespectForBeauty,노리스펙트포뷰티,"",""
Sinnaneunseom,신나는섬,"",""
MilkTea,밀크티,@band_milktea,facebook.com/bandmilktea
Nahyigyeong,나희경,"",facebook.com/heenamusic
9hoseonhwanseungyeog,9호선환승역,@ribo_gita,""
S.I.D-Sound,시드사운드,@imusic_official,""
99Anger,99Anger,"",""
MechanicalStagbeetles,메카니컬사슴벌레,@MechStagbeatles,facebook.com/mstagbeetles
ChanChanHi,찬찬히,"",facebook.com/chanchanhi
Rhinoacoustic,라이노어쿠스틱,@트위터 아이디,facebook.com/rhinoacoustic
NACHOPUPA,나초푸파,"",""
Syupilpeulraceu,슈필플라츠,@트위터 아이디,facebook.com/spplatz
Saenggagyiyeoreum,생각의여름,"",""
RiotKidz,라이엇키즈,@riotkidz_,""
Lowfeels,로우필즈,"",facebook.com/bandlowfeels
OkiKim,김오키,"",facebook.com/kimokiii
JOEUNHEE,조은희,"",facebook.com/eunee890514
BenieJulie,베니줄리,"",""
Gimyeonggyu,김영규,@yeong_kyu,facebook.com/https://www.yeongkyu.kim
NOMO,밴드노모,"",facebook.com/bandnomo
Josanghyeog,조상혁,"",facebook.com/liebekorea
Jeonjasigeugdan,전자시극단,"",""
Kolk,콜크,@bandkolk,facebook.com/bandkolk
Lunarrainbow,달무지개,"",facebook.com/lunarrainbowsong
InOther'sBed,남의집이불속,"",facebook.com/inothersbed
Demijia,데미지아,@banddamagia,facebook.com/banddamagia
Hodugwaja,호두과자,@ohyujincom,""
RAMPAGE,RAMPAGE,"",facebook.com/#!/M.B.Rampage
Rapis.rs,라피스라줄리,"",""
MOOA,무아,"",facebook.com/pages/MOOA/457899284276398
Breathein,브리드인,"",""
Addict,에딕트,"",facebook.com/addict999
AggroCreatures,어그로크리쳐스,"",facebook.com/AggressiveCreatures
Label,라벨,@band_label,facebook.com/labelpage
Sinjaeyeong,신재영,@www.coolbabyjay,facebook.com/coolbabyjay
Airbelow,airbelow,"",facebook.com/pages/The-Air-Below/201305079886957?fref=ts
DJBrainchild,DJBrainchild,@brainchildlab,facebook.com/brainchild666
Supyeongseon,수평선,"",facebook.com/supyeongseon
Gwansimbyeongsa,관심병사,"",facebook.com/problemsoldier
TheAirBelow,에어빌로우,"",facebook.com/pages/The-Air-Below/201305079886957?fref=ts
Jeongseongha,정성하,@JUNGSUNGHA,""
RocketTree,로켓트리,"",""
Kiseumijoi,키스미조이,@Jiyokate,facebook.com//thekissmejoy
Ibeu,이브,@rockbandeve,""
Moden,모든,"",facebook.com/moden4u
9second,9초,"",facebook.com/pages/9%EC%B4%88/553601744663445?fref=ts
Peulreimodeu,플레이모드,"",""
Satellights,새틀라이츠,@KOR_Satellights,facebook.com/satellights
Bagenbaireoseu,바겐바이러스,@bargainvirus,facebook.com/bargainvirus
Pisinggeolseu,피싱걸스,"",""
Gimgaeun,김가은,@ka_eun_kim,facebook.com/withgaeun
Hwangpuha,황푸하,"",""
Meipab,메이팝,"",facebook.com/https://www.bandmaypop
UpThatBrown,업댓브라운,@UPTHATBROWN,facebook.com/upthatbrown
GreenTea,그린티,"",""
NOKAY,노케이,"",facebook.com/pages/NOKAY/517614868284241
ShibataSatoko,시바타사토코,@sbttttt,""
Peulraessyujeu,플랫슈즈,"",""
Sae,새,"",""
Isle,아일,"",""
Haituhim,하이투힘,"",""
Deohansori,더한소리,@yiabb,facebook.com/ewhahansori
DrexlBeatz,드렉슬비츠,@superSCHONic,facebook.com/DrexlBeatz
UmbrellaStand,엄브렐라스탠드,@트위터 아이디,facebook.com/페이스북 주소
Cikineotaeg,치킨어택,@ChickenAttack_,facebook.com/TheChickenAttack
WhiteReedCaravan,WhiteReedCaravan,"",""
NoiseCat,노이즈캣,"",facebook.com/noisecatpage
UnknownMortalOrchestra,언노운모탈오케스트라,"",facebook.com/unknownmortalorchestra
ATrialLog,어트라이얼로그,"",""
MiReDoSi,미레도시,"",""
BeBeRaccoon,베베라쿤,@www.twtkr.combeberaccoon,facebook.com/beberaccoon
Jeonjeongeunggeung,전전긍긍,"",""
ABTB,ABTB,"",facebook.com/pages/ABoltFromTheBlue/136299613100394
MIDIAN,미디안,"",""
IronBard,아이언바드,"",facebook.com/youtube.com/watch?feature=player_embedded&v=CJz6uDdhLuc
Mobidig,모비딕,"",""
Pingkeureiji,핑크레이지,"",facebook.com/bandpink
CRTaegyu&TheThings,CR태규와물건들,@cr_taegyu,""
Yulryayulryebbyung,율랴율례쁑,@junetheyula,facebook.com/junetheyula
RMHN,RMHN,@RMHN_,facebook.com/RUMAHAN
BeamEyesBeam,빔아이즈빔,@beameyesbeam,facebook.com/beameyesbeam
OrientalMissLee,오리엔탈미쓰리,"",facebook.com/orientalmisslee
PICHS,피치스,"",facebook.com/PICHS2
Camomile,카모마일,@camomiles,facebook.com/seojiseok
Minkyukang,강민규,"",facebook.com/minkyukangmusic
Dogeuseuta,도그스타,"",facebook.com/dogstar21219
Kojinyup,고진엽,@kojinyup,facebook.com/jinyup.koh
MOJA,MOJA,@mojabass,""
Dairylandyouth,데이리랜드유스,@Dairyland_Youth,facebook.com/dairylandyouth?hc_location=timeline
Minariraendeu,미나리랜드,"",""
MerryMus,메리무스,"",""
KimjinmokTrampoline,김진목트램펄린,"",facebook.com/kimjinmoktrampoline
VanillaUnity,바닐라유니티,@vanillaunity1,""
Iruma,이루마,"",""
LIMHEONIL,임헌일,@mr335lhi,""
Isangeun,이상은,@lee_tzsche,""
SlowJune,슬로우쥰,"",""
LooseMisty,루즈미스티,"",""
Naty,나티,"",""
Eolseu,얼스,"",""
Bismulsaundeu,빗물사운드,"",""
ROAR,로아,@band_RoaR,facebook.com/bandroar
Deotipus,더티풋,@트위터 아이디,facebook.com/TheDirtyFoot
Thewhiners,thewhiners,"",facebook.com/pages/The-Whiners/249090961881072?ref=hl
Umulangaeguri,우물안개구리,"",""
Cokolresbagseu,초콜렛박스,"",""
황천길과인간들,황천길과인간들,@sugarcomeagain,facebook.com/sugarcomeagain
Sanaunbogsunga,사나운복숭아,"",facebook.com/sanaun
PurpleRain,퍼플레인,"",""
Kapeuka,카프카,"",""
Atelier,아뜰리에,"",""
So'k,So'k,"",""
Peuritikopinseu,프리티코핀스,"",facebook.com/pages/Pretty-Coffins/191472127615800
TodayTomorrow,투데이투모로우,"",""
2iN/tuin,2iN/투인,@hckmanrecords,facebook.com/2iNmuzik
Moon4CHUL,문사출,"",facebook.com/#!/pages/%E9%96%804%E5%87%BA-%EB%AC%B8%EC%82%AC%EC%B6%9C/165413246843308
MeronCandy,메론맛사탕,"",""
Beulruseuwan,블루스완,"",facebook.com/forblueswan
Mobydick,모비딕,@mrmobydick,facebook.com/mrmobydick
HowToLoveBand,HowToLove밴드,"",""
UZUBelieveLuv,우주빌리브러브,"",""
Blue&Blue,블루앤블루,@Bluenbluenblue,facebook.com/hwangjongryol
Timireuho,티미르호,@timirho,""
YesulbingjaSagidan,예술빙자사기단,"",""
)),(((10))),"",facebook.com/weare10
Jongidal,종이달,"",facebook.com/JongIdal
DogLastPage,DogLastPage,"",""
BagageeViphex13,바가지바이펙스써틴,@viphex13,facebook.com/www.viphex13
WeHateJH,위헤이트제이에이치,@wehatejh,facebook.com/wehatejh
Shoulder&Knee,숄더앤니,"",""
CommonPeople,커먼피플,"",facebook.com/4commonpeople
FlyingKiteRobot,FlyingKiteRobot,"",""
E-Na,E-Na,"",facebook.com/euna.kim.102
Mulder,멀더,"",facebook.com/muldertheband?fref=ts
SSNOOB(AndrewWeir),쓰눕,"",facebook.com/andrew.weir.549
Jeonghyesug,정혜숙,"",""
ThisWillDestroyYou,디스윌디스트로이유,"",facebook.com/thiswilldestroyyou?fref=ts
PaperCutProject,페이퍼컷프로젝트,"",""
Akibeodeu,아키버드,@band_aquibird,facebook.com/Aquibird
Malro,말로,@malojazz,""
TensiLove,텐시러브,@es0920,facebook.com/pages/TENSI-LOVE/211533782219343
Jeongcasig,정차식,"",""
Yunyeongbae,윤영배,"",""
MyAuntMary,마이앤트메리,@트위터 아이디,facebook.com/페이스북 주소
Jangyunju,장윤주,"",facebook.com/JANGYOONJU
JulyRomance,줄라이로맨스,"",facebook.com/pages/July-Romance/528776120479503
EddieChun,에디젼,@chuned90,facebook.com/www.EC2JM
Bamepineunjangmi,밤에피는장미,"",""
Erin,에린,"",facebook.com/banderyn
Samagyeou,사막여우,"",facebook.com/smfoxband
Rudens,rudens,"",""
BOM,BOM,"",""
Rugeunasadeu,루그나사드,@lugnasad_band,""
Gimcangwanbaendeu,김창완밴드,"",""
Moun,모운,@JahmaiHado,facebook.com/bandmown
Tama&Vagabond,타마엔배가본드,@tamavagabond,""
Heosoyeong,허소영,"",facebook.com/officecoffee
HanulChoi,최한울,"",facebook.com/liquidsoundhu
대장장이,대장장이,@트위터 아이디,facebook.com/blacksmith4
Eolrug,얼룩,"",facebook.com/bandaluk
Jodonghyi,조동희,"",""
TheFlamingBus,불타는버스,"",facebook.com/flamingbus
Apeurika,아프리카,"",""
RenataSuicide,레나타수어사이드,"",""
Way100Seal.H,Way100Seal.H,"",""
Igniter,이그나이터,"",facebook.com/igniter2011
11:11,십일대십일,"",""
RADIO,래디오,@BandRadio2 ,facebook.com/BandRadio2 
Nighto'click,나잇어클락,"",""
HowooandFriends,호우앤프랜즈,"",""
DirtyBeaches,DirtyBeaches,"",facebook.com/pages/Dirty-Beaches/134686849937283?fref=ts
얼쑤intheEARTH,얼쑤intheEARTH,"",facebook.com/innadeearth
Summernevercomes,써머네버컴즈,"",facebook.com/www.SummerNeverComes
DyingWest,다잉웨스트,@ugodkim,facebook.com/dyingwest
JebongBrothers,제봉브라더스,"",""
SatoYukie,SatoYukie,"",""
ColdCave,ColdCave,@coldcave23,facebook.com/COLDCAVE?fref=ts
EilAnKim,김일안,@sos6903,facebook.com/eilan.kim
Moon4Chu,Moon4出,"",facebook.com/#!/pages/%E9%96%804%E5%87%BA-%EB%AC%B8%EC%82%AC%EC%B6%9C/165413246843308
GoatAndMonkey,GoatAndMonkey,"",""
Myugael,뮤갤,"",""
FMDriver,FMDriver,"",""
Byelupita,바이루피타,"",""
RADIODAYS,라디오데이즈,"",""
Alps,알프스,@maarupusu,""
Hojunlee,이호준,"",facebook.com/acoustickorea
Deeps,딥스,"",""
DerNein,데어나인,"",facebook.com/pages/Der-Nein/534888469877955
CaptainBootbois,캡틴붓보이즈,"",""
DanceNSingalong,춤을추며씽얼롱,@트위터 아이디,facebook.com/페이스북 주소
Colours,Colours,"",facebook.com/colourssk
Iyunhyeogbaendeu,이윤혁밴드,@younhyuklee,facebook.com/younhyuk.band
HiddenPlastic,히든플라스틱,@HiddenPlastic,facebook.com/HiddenPlastic
Choisuhwan,최수환,"",""
Ganggamcanbaendeu,강감찬밴드,"",facebook.com/GangGamChanBand
Water's,워터스,"",facebook.com/watersssssss
Folkspoon,포크스푼,"",facebook.com/https://www.bandfolkspoon
N.B.Rock,N.B.Rock,"",facebook.com/pages/ABoltFromTheBlue/136299613100394
SuperGrasshopper,슈퍼베짱이,@트위터 아이디,facebook.com/페이스북 주소
IAmRobotAndProud,아이엠로봇앤프라우드,@robotandproud,facebook.com/iamrobotandproud
Mogseunogseu,목스녹스,"",""
Barameulgareugo,바람을가르고,"",""
BeatCulture,비트컬쳐,@beatcultcha,facebook.com/BeatCultcha?fref=ts
MildpoM,MildpoM,"",facebook.com/BandMildpoM
Hangangyigijeog,한강의기적,"",""
MonochromeProject,모노크롬프로젝트,"",facebook.com/MonochromeProject
Bagjuweon,박주원,"",""
HAWAAII,하와이,@hawaaii,""
Bagsaebyeol,박새별,"",""
POE,포,"",""
SoulMan,소울맨,"",""
Osoyeong,오소영,"",""
Juyunha,주윤하,@vodkarain_one,facebook.com/Juyoonha 
TheBreeze,TheBreeze,@thebrz,facebook.com/bandthebreeze/bandthebreeze
BESWEET,비스윗,"",""
Daledaha,달에닿아,"",facebook.com/daredaa
Wonhyoro1Ga13-25,원효로1가13-25,"",facebook.com/Won1325
Hyiyeong,희영,"",""
Keuriseutalrein,크리스탈레인,"",""
SongofLuna,송오브루나,@twitter.com/songofluna,""
HealingProject,힐링프로젝트,@acoustichealing,facebook.com/acoustichealing
Mujungryeogsonyeon,무중력소년,@tonicmamia,""
Alginity,얼지니티,"",""
Gimdusu,김두수,"",""
Deohicihaikeo,더히치하이커,"",""
Huyu,후유,@hujuband,facebook.com/bandhuju
MessyG.,MessyG.,"",""
Devil_E_So_Marko,데빌이소마르코,"",""
Beoseuteorideu,버스터리드,"",""
Samagdolgorae,사막돌고래,"",""
VOITURE,보이쳐,"",""
Mondaystudio,mondaystudio,@mondaystudio,""
Baeseonyong,배선용,"",""
PrideBand,프라이드밴드,"",""
BOYPINK,소년핑크,@BandBoypink,facebook.com/boypink
Queen'sRedGarden,퀸스레드가든,"",""
AlmondBlossom,아몬드블라썸,"",facebook.com/almondblossom20
Sugimotoladyland,스기모토레이디랜드,"",facebook.com/sugimotoladyland
Diminished,디미니쉬드,@banddiminished,facebook.com/banddim
Daljounbam,달좋은밤,"",""
Nayunseong,나윤성,"",""
ChoJunghyung,조정현,"",facebook.com/jazztrumpetcho
49Morphines,49Morphines,"",""
Hongwoon,홍운,@트위터 아이디,facebook.com/페이스북 주소
TangTangGroove,탕탕그루브,"",facebook.com/tangtangroove
DPSound,디피사운드,"",""
BlunT,블런트,"",""
Yagwangbyeol,야광별,"",""
Bagdaham,박다함,"",""
"Glitteringblakness,Fall","글리터링블랙니스,폴","",""
LavenderBlush,LavenderBlush,"",facebook.com/(입력해주세요)
Yunnara,윤나라,"",""
JINLEEproject,진리프로젝트,"",facebook.com/jinleeproject
NoSoundRadio,말없는라디오,"",""
Gimboryeong,김보령,"",""
Woogie,우기,"",facebook.com/bandwoogie
BangHyuck,방혁,"",facebook.com/hyuck
DodoUs,도도어스,"",facebook.com/thedodous
2STAY,투스테이,"",""
Hakobune,하코부네,@hakobunemusic,facebook.com/takahiro.yorifuji
Haruhisatanaka,하루히사타나카,"",facebook.com/haruhisa.tanaka.758
TheBlackShoe,더블랙슈,"",""
LivingstoneDaisy,리빙스톤데이지,"",""
MIIIN,민,"",""
XYZ,XYZ,"",facebook.com/xyz6666
JHAUS,제이하우스,"",""
NIGHTO'CLOCK,NIGHTO'CLOCK,"",""
Flareeffect,플레어이펙트,"",facebook.com/flareeffect?fref=ts
ChoockChoockBand,축축밴드,@choockband,facebook.com/ChoockChoockBand
Simplenote,심플노트,"",facebook.com/simplenotemusic
MavenStudio,메이븐스튜디오,"",facebook.com/themavenstudio
MUNG,MUNG,"",""
Dirty30s,Dirty30s,"",facebook.com/thedirty30s
Refugees,난민들,"",""
JahExcretion,JahExcretion,"",""
Kurodenwa666,Kurodenwa666,"",""
Grimes,Grimes,@Grimezsz,facebook.com/pages/Grimes/133232266718746?fref=ts
AmeriB.C.,AmeriB.C.,"",""
Kufuki,쿠후키,"",facebook.com/kufuki
Neohachi,네오하치,"",""
G.TArpe,G.TArpe,"",facebook.com/GTArpe?fref=ts
LymbycSystym,LymbycSystym,"",facebook.com/lymbycsystym?fref=ts
Peopeulteurein,퍼플트레인,"",""
Haveatea,해브어티,"",""
NationalPigeonUnity,전국비둘기연합,@NPU_bot,""
Loco,로꼬,@locogocrazy,facebook.com/hyunkwoo
Super8Bit,슈퍼8비트,"",""
Seutariaideu,스타리아이드,@psychoviolet,facebook.com/StarryeyedKR
Mahoganyking,마호가니킹,"",""
NaBi,NaBi,"",facebook.com/BandNaBi
FinnishBirch,핀란드산자작나무,@finnish_birch,facebook.com/finnishBirch
Hagdongyeog8beonculgu,학동역8번출구,@hakdong_8gate,facebook.com/www.hakdong8gate
Koideuwig,코이드윅,"",""
SpikyBrats,스파이키브랫츠,"",""
Calriseuukulrelre,찰리스우쿨렐레,"",""
ChayeowoolBand,차여울밴드,"",facebook.com/bandcha?fref=ts
TheTrapeze,공중그네,"",""
Joe,조문근,"",""
To.S,투에스,@oset12,facebook.com/To.SNeverFade
Shadeoftheyoung,Shadeoftheyoung,"",facebook.com/Shadeoftheyoung
Sioen,시오엔,@SioenTheArtist,facebook.com/frederik.sioen
SmokingGoose,스모킹구스,"",facebook.com/BandSmokingGoose
Whatacircus,와러써커스,@cdanjang,facebook.com/whatacircus
Saenansseuri,새난쓰리,@senanthree,facebook.com/SenanThree
Thevenus,Thevenus,"",facebook.com/bandthevenus
Salrang,살랑,@sallang,facebook.com/sallang
GOOGOLPLEX,GOOGOLPLEX,"",""
Bagsangdo,박상도,@heysangdo,facebook.com/redpark.music
Reobeupeulraingkwareutes,러브플라잉콰르텟,"",""
Teikeueoban(gutaehan),테이크어반,"",""
OmarBenassila,오마르,"",facebook.com/benassila.omar
"Cho,So-jeong",조소정,"",""
WyeOak,WyeOak,@wyeoak,facebook.com/wyeoak?fref=ts
Snatch,스내치,@thesnatch1,facebook.com/Sexysnatch
BABYFEEL,BABYFEEL,"",facebook.com/babyfeel
Kan,칸,"",facebook.com/kanfamily
Kickstart,킥스타트,@트위터 아이디,facebook.com/페이스북 주소
Keuretem,크레템,"",""
MonkeyPeeQuartet,몽키피콰르텟,"",facebook.com/monkeypq
BellydancingfromEshe,BellydancingfromEshe,"",""
Dillytangs,딜리탕스,"",""
AcousticCore,어쿠스틱코어,@트위터 아이디,facebook.com/pages/Acoustic-Core/249848468405166
2mail,2mail,"",facebook.com/band2mail
KillTheVincent,킬더빈센트,@band_killthevin,facebook.com/KILLTHEVINCENT
Cream,크림,@cryimstudio,facebook.com/cryimstudio
Zothique,Zothique,"",""
Offstep,오프스텝,"",facebook.com/sbs829
Haejeogpung,해적풍,"",""
OneDropEast,원드롭이스트,"",facebook.com/onedropeast.band
Gimeunmipeurojegteu,김은미프로젝트,"",""
Soul'sover,Soul'sover,"",""
Doseonghyi/osori,도성희/오소리,"",""
